{
 "name": "The dawn of a souled hip hop rhythm.",
 "bpm": 80,
 "devices": [
  {
   "name": "..//test//looperman-a-0818593-0006779-shamoozey-to-be-or-nor-to-be.wav",
   "sample": "../../test/looperman-a-0818593-0006779-shamoozey-to-be-or-nor-to-be.wav",
   "slices": [
    0.32828497639153165,
    0.8020598855020374,
    1.413863705140801,
    2.081625191209939,
    2.618818788941536
   ],
   "patterns": [
    {
     "id": 1,
     "bars": 1,
     "sequence": [
      [
       1
      ],
      [
       1
      ],
      [
       2
      ],
      [],
      [
       1
      ],
      [
       1
      ],
      [
       2
      ],
      []
     ]
    },
    {
     "id": 2,
     "bars": 2,
     "sequence": [
      [
       2,
       1
      ],
      [],
      [
       2,
       1
      ],
      [],
      [
       2,
       1
      ],
      [],
      [
       2,
       1
      ],
      [],
      [
       2,
       1
      ],
      [],
      [
       2,
       1
      ],
      [],
      [
       2,
       1
      ],
      [],
      [
       2,
       1
      ],
      []
     ]
    }
   ]
  }
 ]
}