{
 "name": "The dawn of a souled hip hop rhythm.",
 "bpm": 163,
 "devices": [
  {
   "sample": "beatproducer-drum-loops-pack-1/bpnet_european_hip_hop_beat_090bpm.wav",
   "slices": [
    0,
    0.12750381177707676,
    0.22313167060988434,
    0.22313167060988434,
    0.4392194729232387,
    0.67,
    0.7650228706624606,
    1,
    10.67
   ],
   "patterns": [
    {
     "id": 1,
     "bars": 1,
     "sequence": [
      [
       1
      ],
      [
       1
      ],
      [
       6
      ],
      [
       1
      ],
      [],
      [
       1
      ],
      [
       6
      ],
      []
     ]
    },
    {
     "id": 2,
     "bars": 2,
     "sequence": [
      [
       2,
       1
      ],
      [],
      [
       2,
       1
      ],
      [],
      [
       2,
       1
      ],
      [],
      [
       2,
       1
      ],
      [],
      [
       2,
       1
      ],
      [],
      [
       2,
       1
      ],
      [],
      [
       2,
       1
      ],
      [],
      [
       2,
       1
      ],
      []
     ]
    }
   ]
  }
 ]
}