{
 "name": "The dawn of a souled hip hop rhythm.",
 "bpm": 80,
 "devices": [
  {
   "name": "bpnet_european_hip_hop_beat_090bpm.wav",
   "sample": "beatproducer-drum-loops-pack-1/bpnet_european_hip_hop_beat_090bpm.wav",
   "slices": [
    0,
    2.3300078349438498,
    3.896399656754841,
    5,
    6.618005447151439,
    8.223557064507705,
    9.652889601910234,
    13,
    14.80240271611387,
    16.055516173562662,
    18.03308584859904,
    20,
    20.754691638995634
   ],
   "patterns": [
    {
     "id": 1,
     "bars": 1,
     "sequence": [
      [
       1
      ],
      [
       1
      ],
      [
       2
      ],
      [],
      [
       1
      ],
      [
       1
      ],
      [
       2
      ],
      []
     ]
    },
    {
     "id": 2,
     "bars": 2,
     "sequence": [
      [
       2,
       1
      ],
      [],
      [
       2,
       1
      ],
      [],
      [
       2,
       1
      ],
      [],
      [
       2,
       1
      ],
      [],
      [
       2,
       1
      ],
      [],
      [
       2,
       1
      ],
      [],
      [
       2,
       1
      ],
      [],
      [
       2,
       1
      ],
      []
     ]
    }
   ]
  }
 ]
}