{
 "name": "The dawn of a souled hip hop rhythm.",
 "bpm": 80,
 "devices": [
  {
   "sample": "beatproducer-drum-loops-pack-1/bpnet_european_hip_hop_beat_090bpm.wav",
   "slices": [
    0,
    0.67,
    1,
    2.6674470542934157,
    4.870111667308434,
    7.719430111667308,
    10.67,
    12.084343473238352,
    15.741979206777051,
    17.924435887562574,
    20.511051212938007
   ],
   "patterns": [
    {
     "id": 1,
     "bars": 1,
     "sequence": [
      [
       1
      ],
      [
       1
      ],
      [
       2
      ],
      [],
      [
       1
      ],
      [
       1
      ],
      [
       2
      ],
      []
     ]
    },
    {
     "id": 2,
     "bars": 2,
     "sequence": [
      [
       2,
       1
      ],
      [],
      [
       2,
       1
      ],
      [],
      [
       2,
       1
      ],
      [],
      [
       2,
       1
      ],
      [],
      [
       2,
       1
      ],
      [],
      [
       2,
       1
      ],
      [],
      [
       2,
       1
      ],
      [],
      [
       2,
       1
      ],
      []
     ]
    }
   ]
  }
 ]
}